seed,total-variance,feature0-linear,feature1-linear
0,0.06003451,-0.06616696,-0.06379267
0,0.09557959,-0.14968708,-0.08444570
