seed,total-variance,feature0-linear,feature1-linear
0,0.05991170,0.05149410,0.07204727
0,21.67460251,0.02740335,0.71605663
0,46.51475906,0.44782613,0.41872321
