seed,epoch,test-loss,total-acc,test-acc_feature0-linear,test-acc_feature1-linear,test-loss_feature0-linear,test-loss_feature1-linear
0,0,0.68730444,0.58886719,0.52246094,0.65527344,0.68768394,0.68692493
0,500,0.40830547,0.73242188,0.46484375,1.00000000,0.81601411,0.00059691
0,1000,0.02161920,0.99951172,1.00000000,0.99902344,0.00045855,0.04277986
