seed,epoch,test-loss,total-acc,test-acc_feature0-linear,test-acc_feature1-xor_xor_xor,test-loss_feature0-linear,test-loss_feature1-xor_xor_xor
0,0,0.68860328,0.52783203,0.54882812,0.50683594,0.68419343,0.69301313
0,500,0.34778443,0.75048828,1.00000000,0.50097656,0.00157641,0.69399238
0,1000,0.34702882,0.74658203,1.00000000,0.49316406,0.00053499,0.69352257
0,1500,0.34681422,0.74560547,1.00000000,0.49121094,0.00030196,0.69332647
0,1999,0.34669077,0.74707031,1.00000000,0.49414062,0.00020373,0.69317782
