seed,total-variance,feature0-linear,feature1-xor_xor_xor
0,0.05851010,0.05036195,-0.00211061
0,15.36670303,0.68599356,-0.00714732
0,19.65358543,0.70121558,-0.00710154
0,22.08475113,0.70315686,-0.00701249
0,23.81618500,0.70646679,-0.00702969
